word,bow_freq,bow_rank,tfidf_avg,tfidf_rank,rank_diff
bagus,6074,1,0.11293483411778625,1,0
banget,3031,2,0.028263924250905282,4,-2
mudah,2423,3,0.0319535679344742,2,1
masuk,2242,4,0.019928598484507686,8,-4
pakai,2234,5,0.01885426761732868,9,-4
transaksi,2022,6,0.02063713715886992,7,-1
buka,1433,7,0.01443124926243596,11,-4
bantu,1352,8,0.025933462374761095,5,3
transfer,1319,9,0.0130524630468927,15,-6
lambat,1297,10,0.016012290497655117,10,0
daftar,1239,11,0.012830056031246194,16,-5
tolong,1166,12,0.010781768075014214,21,-9
rekening,1145,13,0.010531883296586081,22,-9
aplikasi,1078,14,0.012400171469780171,17,-3
biaya,1056,15,0.009924618619576558,25,-10
baik,1033,16,0.01343383249195263,14,2
kasih,987,17,0.010501915679664771,23,-6
susah,984,18,0.011397654723658049,18,0
ok,971,19,0.029465706394061153,3,16
cepat,963,20,0.013788299324046863,12,8
tunai,915,21,0.00843867205792637,35,-14
admin,908,22,0.009096865235037372,32,-10
verifikasi,904,23,0.009285955196844881,29,-6
ribet,896,24,0.011278671012500718,19,5
uang,885,25,0.009149176316947553,31,-6
bayar,883,26,0.00955103068739628,26,0
fitur,876,27,0.009151529977708052,30,-3
tarik,862,28,0.008292114555318761,37,-9
gagal,837,29,0.00889484918828698,34,-5
moga,804,30,0.010406199990507833,24,6
baru,792,31,0.009496585238341333,27,4
god,789,32,0.02561290347270845,6,26
pas,752,33,0.00695105778833846,46,-13
kartu,747,34,0.008233011698830643,38,-4
buruk,737,35,0.00940951077887271,28,7
terima,737,36,0.008327379342473958,36,0
suka,723,37,0.010862936153494047,20,17
coba,692,38,0.008145951935159651,39,-1
saldo,691,39,0.0066686144996491335,52,-13
wajah,685,40,0.007236694512534159,42,-2
kalo,672,41,0.006435770191844088,57,-16
kali,667,42,0.006555118741993895,53,-11
sih,659,43,0.007438701852846228,41,2
atm,654,44,0.0067534020456380605,51,-7
akun,629,45,0.0069499335316135025,47,-2
hp,622,46,0.006446564080182978,56,-10
oke,591,47,0.013580111924368842,13,34
bikin,583,48,0.006135566916760991,61,-13
terima kasih,558,49,0.007017413802586404,45,4
gratis,552,50,0.00654622963521689,54,-4
data,551,51,0.005696965653449841,63,-12
proses,529,52,0.006290984266020144,59,-7
tarik tunai,517,53,0.005273816135982441,72,-19
aman,511,54,0.007626202316264312,40,14
berat,504,55,0.006819801512306576,49,6
cs,504,56,0.005119247463458182,74,-18
lancar,497,57,0.00711137068394578,44,13
bagus banget,496,58,0.009025181042162603,33,25
bintang,484,59,0.006278679962641587,60,-1
buka rekening,472,60,0.0050375663990046655,75,-15
guna,467,61,0.006796586338400845,50,11
layan,463,62,0.0065243000011137205,55,7
kena,458,63,0.004739670349849411,86,-23
eror,455,64,0.006937710225826539,48,16
up,443,65,0.004837456617055305,82,-17
biaya admin,442,66,0.004829312016821549,83,-17
kode,438,67,0.004934327179785637,79,-12
cal,435,68,0.004567056680746482,91,-23
mohon,426,69,0.004626532461280725,89,-20
vc,424,70,0.0055872904745158155,66,4
tabung,423,71,0.0056893773654616685,64,7
suruh,409,72,0.004064000503563135,108,-36
bagus up,406,73,0.004508168833215774,94,-21
by,399,74,0.005434581489055099,69,5
langsung,393,75,0.004089013494021011,106,-31
setor,388,76,0.003913061843149721,113,-37
biar,382,77,0.004327604462074227,96,-19
dana,381,78,0.004014066079578161,110,-32
tf,376,79,0.004642558549728589,88,-9
nih,366,80,0.0046753849391284056,87,-7
kecewa,362,81,0.0042309808056554404,100,-19
mulu,361,82,0.004845898480180026,81,1
jaring,361,83,0.004114429666985524,105,-22
nasabah,356,84,0.003948853382862644,112,-28
nungu,354,85,0.0037554960970343667,120,-35
jam,354,86,0.003907131223215865,114,-28
video,351,87,0.0039912079954051456,111,-24
qris,346,88,0.003901193979849582,116,-28
gabisa,345,89,0.0042960091660487,97,-8
no,343,90,0.004166831433956857,103,-13
min,340,91,0.004620305200836437,90,1
ktp,339,92,0.004128749755759668,104,-12
terimakasih,335,93,0.005391254053992077,70,23
depan,335,94,0.004031379895857172,109,-15
dah,334,95,0.004363482496279488,95,0
promo,332,96,0.005246976207816093,73,23
deh,328,97,0.004243565988690876,99,-2
video cal,326,98,0.0036937190053119417,123,-25
tingkat,323,99,0.005348002480429825,71,28
kirim,321,100,0.003752925065458172,121,-21
salah,320,101,0.003604312400825348,124,-23
debit,316,102,0.003906873222208503,115,-13
tolong baik,315,103,0.0038171862028471264,118,-15
nyaman,315,104,0.0050061127168741105,78,26
blue,311,105,0.0047860147306061605,84,21
foto,305,106,0.0037639297823433564,119,-13
nabung,305,107,0.004192167113871456,102,5
verifikasi wajah,301,108,0.003595106037490954,125,-17
simple,300,109,0.005626671141306375,65,44
potong,297,110,0.0033173414221475245,137,-27
praktis,295,111,0.0063291310368833965,58,53
gampang,294,112,0.004764391748879483,85,27
orang,289,113,0.003113661844780981,149,-36
kendala,289,114,0.003817837595768061,117,-3
antri,289,115,0.0032337592406408164,142,-27
ulang,288,116,0.002991555045712386,157,-41
nomor,287,117,0.0031798540444350682,144,-27
sampe,281,118,0.0029129699415053048,158,-40
pokok,280,119,0.004876776622456755,80,39
klo,278,120,0.003265113479584534,140,-20
butuh,276,121,0.0033062923474289747,139,-18
puas,274,122,0.0072027139928798065,43,79
setor tunai,273,123,0.002855337571314694,163,-40
mudah transaksi,271,124,0.0050306136129048586,76,48
putus,270,125,0.003388647409594229,134,-9
sulit,270,126,0.00371309157161111,122,4
email,269,127,0.002669586297100885,172,-45
sesuai,258,128,0.003066618545619209,151,-23
isi,258,129,0.003065650690938904,152,-23
hasil,253,130,0.0028485737494553377,164,-34
loading,251,131,0.0035490286693216915,127,4
aktif,251,132,0.0030015038232821412,156,-24
tampil,250,133,0.003455215141632961,131,2
best,247,134,0.0050253314282925,77,57
manfat,243,135,0.00596432019776405,62,73
virtual,243,136,0.0033124883625457674,138,-2
tambah,242,137,0.0030439614541454252,155,-18
menu,241,138,0.0031480220502717047,147,-9
sistem,240,139,0.0026942436547019283,171,-32
kena biaya,237,140,0.0025720443075356743,182,-42
tungu,236,141,0.002879408259422594,162,-21
otp,235,142,0.002768733136245097,166,-24
download,234,143,0.0034177276113872383,132,11
bebas,230,144,0.00269825572208182,170,-26
simpel,227,145,0.004560959519073885,93,52
kaya,227,146,0.002810578656203419,165,-19
lumayan,226,147,0.0040686510342230545,107,40
pinjam,226,148,0.0034127810094581744,133,15
aneh,224,149,0.002905399351792652,159,-10
lengkap,221,150,0.0032610302132738537,141,9
enak,218,151,0.003348539302839967,135,16
saran,217,152,0.0023874460565275557,191,-39
kartu debit,217,153,0.0028996839711955,160,-7
ya,215,154,0.003047978251653457,154,0
tolak,212,155,0.0028928279544926253,161,-6
pasword,208,156,0.002583541748080072,179,-23
uninstal,208,157,0.002668442757759237,174,-17
ganti,207,158,0.002407770198402188,190,-32
sukses,207,159,0.0034843035856261845,129,30
the,207,160,0.0035229685608491102,128,32
hapus,206,161,0.002615483809984246,177,-16
gitu,201,162,0.002170972966199795,215,-53
susah banget,200,163,0.002731503752023061,168,-5
mana,200,164,0.0026693262442734345,173,-9
bilang,197,165,0.0021104788831147665,224,-59
fiturnya,196,166,0.0031544276452617945,146,20
maf,192,167,0.002367560977653356,193,-26
bunga,191,168,0.0026682758642730627,175,-7
tetep,190,169,0.0020659267417074806,229,-60
nama,189,170,0.0023119662544224097,197,-27
gangu,188,171,0.0031237078200637173,148,23
gin,186,172,0.0020740878010901045,227,-55
hubung,186,173,0.0020617511335359784,230,-57
acount,185,174,0.0024617921559717836,186,-12
sayang,184,175,0.0026007847361224678,178,-3
mending,182,176,0.0021485223980727557,219,-43
lambat banget,180,177,0.002719693478661278,169,8
online,180,178,0.002295769455275585,199,-21
beli,180,179,0.002292823607297265,200,-21
beda,179,180,0.002286718368949584,202,-22
the best,179,181,0.003166542230152728,145,36
jg,179,182,0.002157362148410258,217,-35
kayak,178,183,0.0021878831223433003,213,-30
tau,177,184,0.002135188862251872,222,-38
bulan,176,185,0.0020505034490118828,235,-50
hilang,176,186,0.0022879692082054875,201,-15
habis,175,187,0.002189028403604763,212,-25
fre,175,188,0.002243741013778136,207,-19
kasih bintang,174,189,0.0022199857509444974,208,-19
kak,174,190,0.002445930364634293,188,2
sinyal,174,191,0.002315111558726883,195,-4
si,173,192,0.002445120195888723,189,3
akses,173,193,0.002486044835720102,184,9
tunai atm,172,194,0.0020521898295070805,234,-40
koneksi,172,195,0.0022833002301871647,203,-8
mantap,172,196,0.00557222306684869,67,129
cepet,171,197,0.0025757493061438494,180,17
respon,171,198,0.0024634103849978696,185,13
cashback,170,199,0.003100890449209264,150,49
payah,169,200,0.0026276630646177375,176,24
menit,168,201,0.0019327493932107098,249,-48
tingal,167,202,0.0022746098749438083,205,-3
rek,166,203,0.0023098827501777707,198,5
bagus mudah,166,204,0.0034733846237287925,130,74
muas,165,205,0.0045610152395204814,92,113
cuman,162,206,0.002043591885017452,237,-31
ambil,160,207,0.002203829286943775,211,-4
scren,160,208,0.002111060232072905,223,-15
blokir,159,209,0.0020607588456423034,231,-22
apa,155,210,0.0021789597514323663,214,-4
pin,155,211,0.0019364360333134416,248,-37
mobile,152,212,0.001987552420322906,243,-31
yah,152,213,0.002148200474564048,220,-7
nice,152,214,0.005455299170871876,68,146
moga depan,152,215,0.0020480361018360036,236,-21
bebas biaya,151,216,0.0018688329716681626,259,-43
masukin,151,217,0.001793519502746678,263,-46
ko,151,218,0.0024559850404130943,187,31
pilih,150,219,0.0020186553882206824,242,-23
eh,149,220,0.0015985148821649432,291,-71
keren,149,221,0.004246121574251261,98,123
duit,149,222,0.0018717204134757125,258,-36
instal,147,223,0.0019057208355218777,253,-30
ni,145,224,0.00231336548460254,196,28
fisik,145,225,0.002031404362484017,239,-14
muncul,143,226,0.0017775253935666273,265,-39
aplikasi bagus,142,227,0.0023199454418977084,194,33
dl,142,228,0.0017519422304314678,270,-42
virtual acount,142,229,0.001976984999978125,244,-15
topup,142,230,0.0019021000900246747,254,-24
lock,141,231,0.0018781045323740546,255,-24
kadang,141,232,0.0020546548773489205,233,-1
atur,141,233,0.001962745104011014,246,-13
senang,141,234,0.0033311578697375406,136,98
solusi,140,235,0.0018321878738961686,261,-26
kenal,140,236,0.001911284002471741,252,-16
kurang,139,237,0.001704820358574977,274,-37
va,139,238,0.0022092995735164974,210,28
kerja,139,239,0.0016529865297023143,282,-43
pulsa,138,240,0.0015709349496274728,296,-56
bug,138,241,0.002152913591431451,218,23
emang,135,242,0.0020303144425091756,240,2
kembang,134,243,0.0022110153301232354,209,34
banget pakai,134,244,0.002057595110442809,232,12
transaksi mudah,134,245,0.0027648399745687745,167,78
tulis,134,246,0.0016255590545400757,287,-41
internet,132,247,0.0016395356003736207,284,-37
aju,131,248,0.0018737680106850408,257,-9
mantul,131,249,0.0041998204053286916,101,148
kartu atm,130,250,0.0018563726120563904,260,-10
lupa,130,251,0.0016776489027945111,278,-27
ui,129,252,0.0020346042880781904,238,14
rb,128,253,0.0015276266992145118,301,-48
ringan,128,254,0.001976680437519131,245,9
ku,128,255,0.0017742172456068045,267,-12
halo,128,256,0.0016469687014472882,283,-27
cocok,127,257,0.002250845882506391,206,51
kode otp,127,258,0.001525604360359781,303,-45
pindah,126,259,0.0014843335219914106,314,-55
mudah cepat,125,260,0.0025726719820151306,181,79
muka,124,261,0.0016256004275522525,286,-25
dapet,124,262,0.0016784687947840522,277,-15
suka banget,124,263,0.002103269333607318,225,38
foto ktp,123,264,0.0017197890678380637,273,-9
ewalet,122,265,0.0015232357319558748,304,-39
doang,122,266,0.0014822282120786256,315,-49
ampun,122,267,0.0017629139935161314,268,-1
scan,122,268,0.0016069300109950676,289,-21
banyak,122,269,0.0020665901229619025,228,41
ubah,122,270,0.001486550650942364,312,-42
cek,121,271,0.0014212848636902934,325,-54
terang,121,272,0.0014266348596337127,323,-51
tambahin,120,273,0.0017847903499888529,264,9
nomer,120,274,0.0015989304809774167,290,-16
scren lock,120,275,0.0015583745171746735,297,-22
biaya transfer,120,276,0.001597167633763608,292,-16
kuota,119,277,0.0015406270786768711,299,-22
anak,118,278,0.0016786878159450224,276,2
in,117,279,0.001528203724109858,300,-21
jos,116,280,0.003566429361839615,126,154
ok banget,116,281,0.0030597109377472056,153,128
mbanking,115,282,0.0016187357078740927,288,-6
selesai,114,283,0.001385572110652494,330,-47
blubca,114,284,0.0017774915141769258,266,18
via,113,285,0.0013602628507537093,333,-48
sat,113,286,0.0014479142343140244,320,-34
alhamdulilah,111,287,0.0024972341080718827,183,104
log,111,288,0.0014029518004810804,329,-41
alas,111,289,0.0012952151423580827,350,-61
tahan,109,290,0.0020290953777911216,241,49
user,108,291,0.001522605009892972,305,-14
lapor,107,292,0.0011944212811901072,374,-82
fast,107,293,0.0015862140322601365,294,-1
so,107,294,0.0016534681963049057,280,14
untung,107,295,0.0017973643298268738,262,33
ny,107,296,0.0017567086029474936,269,27
harap,106,297,0.0014287559220282815,322,-25
wifi,105,298,0.0013110624347563568,345,-47
gilir,104,299,0.001293173907017622,351,-52
oke banget,104,300,0.002280312590713845,204,96
kenal wajah,104,301,0.0014873264618009167,311,-10
sip,103,302,0.003231760727504561,143,159
gada,102,303,0.0012668550262121977,355,-52
ribet banget,102,304,0.001367736193046338,332,-28
set,101,305,0.0013096697391571518,347,-42
kamera,101,306,0.001440891514224603,321,-15
referal,100,307,0.001358711318410181,334,-27
reset,100,308,0.001236439121022598,364,-56
bantu transaksi,100,309,0.0021581089524376645,216,93
gopay,99,310,0.0011666114186940884,386,-76
belah,99,311,0.001315520051154806,343,-32
loadingnya,98,312,0.0015043317984395396,308,4
pdhl,98,313,0.0011904697354452086,375,-62
sya,98,314,0.001411721560292259,327,-13
hari,97,315,0.0014558872333844924,318,-3
percaya,97,316,0.0019238939769767802,250,66
recomended,96,317,0.0020764407504338498,226,91
reward,96,318,0.0015782316987846539,295,23
kek,96,319,0.001156813776660703,389,-70
simpan,95,320,0.0014078809964343313,328,-8
wajah gagal,95,321,0.0013115425185606065,344,-23
bonus,95,322,0.001474950771538352,317,5
tranfer,94,323,0.0016531594534162307,281,42
mohon baik,94,324,0.0012513809199646696,358,-34
stabil,94,325,0.0013382584765328266,339,-14
registrasi,92,326,0.0015017146745543216,309,17
buat,92,327,0.0013551331630347915,335,-8
sesi,92,328,0.0014220772981661872,324,4
ramah,92,329,0.0015265394319779765,302,27
masalah,92,330,0.0014209347839856659,326,4
kelas,90,331,0.0011723481280545174,382,-51
baca,90,332,0.001142972043658058,392,-60
batas,90,333,0.0011458720456292355,391,-58
terus,89,334,0.0014912012671947884,310,24
sambung,89,335,0.0012301970088984234,365,-30
repot,89,336,0.0013070775600762257,348,-12
bagus bantu,89,337,0.0023717458990721025,192,145
bagus sih,89,338,0.0015969709563953306,293,45
aps,88,339,0.0016307022023276032,285,54
perban,88,340,0.001449706867338557,319,21
klik,88,341,0.0011967269212825994,371,-30
susah masuk,88,342,0.001662599659909069,279,63
super,88,343,0.0016929160182326236,275,68
kena admin,88,344,0.0012406570748462725,363,-19
promonya,88,345,0.0019150914277214382,251,94
sumpah,88,346,0.0012927007213376484,352,-6
telpon,87,347,0.000935160479310457,471,-124
banking,87,348,0.0014797114721161904,316,32
tuh,87,349,0.001057203031815209,424,-75
ac,86,350,0.0015527973312493108,298,52
belanja,86,351,0.001244268694433768,362,-11
dipake,86,352,0.001258785575770534,356,-4
syarat,86,353,0.001025640126570958,438,-85
nyesel,84,354,0.0013015208289550617,349,5
tutup,84,355,0.001213610720414218,367,-12
muter,84,356,0.0012260185932709974,366,-10
gajelas,83,357,0.0015143066973154178,307,50
bagus bagus,83,358,0.001942580677612544,247,111
sat set,82,359,0.0010824660498420934,415,-56
males,82,360,0.0011241782015187164,397,-37
qr,82,361,0.0011657278076571294,387,-26
abis,82,362,0.0013772125388560584,331,31
kemarin,82,363,0.0011114884513491472,403,-40
no hp,81,364,0.0011020022940164819,407,-43
jgn,81,365,0.001078615570732677,417,-52
masuk akun,81,366,0.0013157452378738642,342,24
aplikasi lambat,81,367,0.001288281637807758,353,14
job,81,368,0.001873825845469537,256,112
sedia,81,369,0.0011480539231611918,390,-21
adminya,80,370,0.0011795290594052443,380,-10
niat,79,371,0.0010522285757132866,427,-56
flaz,78,372,0.001341673687381085,338,34
poko,77,373,0.0017208532560707382,272,101
paham,77,374,0.001196708796147876,372,2
trf,77,375,0.0012481666843673167,360,15
mantep,77,376,0.0021432978239825325,221,155
bingung,76,377,0.0010783066278366397,418,-41
usaha,76,378,0.0010936244954644102,410,-32
goyang,76,379,0.0009794646645384798,454,-75
god job,76,380,0.0017281714320415878,271,109
maju,75,381,0.001326901988909423,341,40
jalan,75,382,0.001065456359940631,422,-40
saving,75,383,0.0010965568605785666,409,-26
emoney,75,384,0.0009792040468297658,455,-71
tahap,75,385,0.0008880256969283762,498,-113
mingu,74,386,0.0010276080927438486,437,-51
kalah,74,387,0.0009932979790726634,447,-60
pasti,74,388,0.001017910039620218,440,-52
card,74,389,0.001031234881060047,435,-46
loh,74,390,0.0009334135046548423,472,-82
deposito,74,391,0.001161102469060838,388,3
buruk banget,73,392,0.0010582177886603588,423,-31
tp,72,393,0.0009398358279648899,468,-75
gratis transfer,72,394,0.0011702541506572774,383,11
versi,72,395,0.0009548862285546369,464,-69
ovo,72,396,0.0009186485045022851,482,-86
mudah banget,71,397,0.001244415528400644,361,36
jaring bagus,71,398,0.001038358413302988,433,-35
saldo potong,71,399,0.0008926141525168671,494,-95
animasi,71,400,0.0010456402602855785,430,-30
lokasi,71,401,0.0009867750023019553,450,-49
akun blokir,71,402,0.000989487460159134,448,-46
masuk susah,71,403,0.001086579822879151,414,-11
kaga,70,404,0.0011014571052152626,408,-4
nyoba,70,405,0.001081488564856565,416,-11
aplikasi berat,70,406,0.0010661676837522324,421,-15
customer,70,407,0.000921204115667552,479,-72
log in,70,408,0.0009686178205973657,461,-53
kesini,70,409,0.0010782314600210243,419,-10
alam,70,410,0.0011785505037985712,381,29
gratis biaya,69,411,0.0009709794866724629,459,-48
tari,69,412,0.0010869301269609225,413,-1
overal,69,413,0.0011236870749872778,398,15
shopepay,69,414,0.0011265453899553125,396,18
produk,69,415,0.0012002488128604895,370,45
kartu fisik,69,416,0.0011389005691891949,394,22
bantu mudah,69,417,0.0015200157359919982,306,111
hadeh,68,418,0.0009728506642683272,457,-39
cash,68,419,0.0013484889663640412,336,83
masuk masuk,68,420,0.000920708867847773,481,-61
it,68,421,0.0011857585127710295,376,45
tuju,68,422,0.0009403387142210988,467,-45
tim,68,423,0.0009127876769245237,485,-62
kualitas,68,424,0.00127618942814312,354,70
jaya,68,425,0.0013288790717108025,340,85
mah,68,426,0.0010309224171001377,436,-10
buang,68,427,0.0008977136060833578,492,-65
teman,67,428,0.0009211640954880685,480,-52
dikit,67,429,0.0010324176025478468,434,-5
apknya,67,430,0.0010540471243203448,426,4
close,67,431,0.0009859365632320035,451,-20
pagi,67,432,0.0009055248149197836,488,-56
gara,67,433,0.0008588549255187018,516,-83
tunai kena,67,434,0.0008503551997323329,524,-90
deteksi,67,435,0.0010093011720862556,444,-9
muda,67,436,0.0011166338158616798,402,34
neng,67,437,0.0011043862708445752,405,32
urus,67,438,0.001344795674802543,337,101
bayar pakai,66,439,0.0008264589019657779,541,-102
takut,66,440,0.0008812335778124632,505,-65
kode referal,66,441,0.0008879612217903983,499,-58
ram,66,442,0.000927747926871626,474,-32
auto,66,443,0.0009617319311437234,463,-20
rugi,66,444,0.0009215296215574924,478,-34
urgent,65,445,0.0010158752722878096,441,4
berat banget,65,446,0.0009985252577428573,446,0
mati,65,447,0.0008617886124196449,514,-67
gagal mulu,65,448,0.0009081704570098004,486,-38
buru,65,449,0.0008672308912527681,509,-60
hati,64,450,0.000937131903609922,469,-19
bi,64,451,0.0008789514926672608,506,-55
gila,64,452,0.0009049172933579549,489,-37
developer,64,453,0.0009258020369538991,475,-22
shope,64,454,0.00084437038673185,532,-78
kl,63,455,0.0008461323971094305,530,-75
milik,63,456,0.0008601690501468185,515,-59
notif,63,457,0.0008200638311892137,545,-88
tangal,63,458,0.0008123777135668438,554,-96
donk,62,459,0.001117940565715023,400,59
makan,62,460,0.0008185612544281987,546,-86
cari,62,461,0.0008337263625785843,538,-77
cepat mudah,61,462,0.0013097442524985046,346,116
admin bulan,61,463,0.0007788867057175876,579,-116
info,61,464,0.0008111290116543722,555,-91
make,61,465,0.0007984505708825899,566,-101
utama,61,466,0.0008162766650478919,549,-83
narik,61,467,0.0009285668981801503,473,-6
fitur bagus,61,468,0.0009703491377470121,460,8
love,60,469,0.0014864816919239736,313,156
listrik,60,470,0.000983088924958578,453,17
verifikasi muka,60,471,0.000836677499216767,536,-65
isi saldo,60,472,0.000906321892203031,487,-15
friendly,60,473,0.0009836870083713267,452,21
device,60,474,0.000855087424897659,520,-46
kantor,60,475,0.0007731870055346276,583,-108
kesel,60,476,0.0008669775648385591,510,-34
blusaving,60,477,0.0007986807359282386,564,-87
delay,60,478,0.0008218924947813232,543,-65
banget aplikasi,59,479,0.0010153136237672615,442,37
pakai qris,59,480,0.0007421036587273563,610,-130
bantu banget,59,481,0.001180519118946762,379,102
aktif scren,59,482,0.0007660428530733819,587,-105
responsif,59,483,0.001055253103348782,425,58
serba,59,484,0.0010420170603760981,432,52
daftar susah,59,485,0.0010876625903741917,412,73
pas masuk,59,486,0.0009176079643587016,484,2
kali kali,59,487,0.0007122233445912091,627,-140
juta,59,488,0.0007204683306335853,622,-134
sandi,59,489,0.0008755052682162898,507,-18
far,59,490,0.0008824339967520003,504,-14
mudah pakai,58,491,0.0011954987385274357,373,118
so far,58,492,0.0008627286686200188,513,-21
ribu,58,493,0.0007771431605557085,581,-88
proses cepat,58,494,0.0011698736980674425,384,110
liat,58,495,0.0007811800127203073,576,-81
knpa,58,496,0.001117728792765228,401,95
handphone,58,497,0.0007453873312454586,604,-107
jelas,58,498,0.0008125527610583665,553,-55
aj,58,499,0.0008856329413313724,502,-3
bi fast,58,500,0.0008057855205900995,559,-59
adm,57,501,0.0007867447967531771,572,-71
normal,57,502,0.0008369415502215673,535,-33
transfer gratis,57,503,0.0009356062461185472,470,33
ful,57,504,0.0008871827365605389,500,4
malam,57,505,0.0008184336523600379,547,-42
lebih,57,506,0.0007461500016613416,603,-97
walet,57,507,0.0008374214536120608,534,-27
is,57,508,0.001011793152309045,443,65
iya,57,509,0.0008871588697417516,501,8
vidio,56,510,0.0008530837212976374,522,-12
masak,56,511,0.0008043361575831407,561,-50
service,56,512,0.0008498409954949711,525,-13
mahal,56,513,0.0009032862985933771,490,23
transaksi cepat,56,514,0.0011682756836775144,385,129
paket,56,515,0.0006721564436458051,660,-145
nominal,56,516,0.0006312976285285197,707,-191
rekomendasi,56,517,0.0012553033120025034,357,160
tambah fitur,56,518,0.0007708971568552948,585,-67
laku,55,519,0.0006780514431465543,651,-132
nyambung,55,520,0.0008841392639921497,503,17
bnget,55,521,0.0011024759770731044,406,115
smoth,55,522,0.0009884177631968266,449,73
rumah,55,523,0.0007898171696277965,570,-47
minimal,55,524,0.0006776768863767067,652,-128
mohon bantu,55,525,0.0008066172781776664,557,-32
mbca,54,526,0.000840578170184409,533,-7
pakai wifi,54,527,0.0007178754361281119,624,-97
bagus transaksi,54,528,0.001250117749023856,359,169
transaksi gagal,54,529,0.0008237179892388602,542,-13
banget masuk,53,530,0.0008446685559074477,531,-1
asli,53,531,0.0008153089384790592,550,-19
vermuk,53,532,0.0010931109346975748,411,121
tolol,53,533,0.0009722256335903334,458,75
capek,53,534,0.0006830436736010996,647,-113
ad,52,535,0.0007590489569748049,596,-61
malu,52,536,0.0007412576757192518,611,-75
limit,52,537,0.0008102866063846644,556,-19
hehe,52,538,0.0008202005261533659,544,-6
banget transaksi,52,539,0.000790231822093207,569,-30
selfie,52,540,0.0008889090421142623,496,44
gmna,52,541,0.0008290920120873558,540,1
kini,51,542,0.0009405443881426494,466,76
ken,51,543,0.0006708731409316246,663,-120
you,51,544,0.0008905311994845249,495,49
sinyal bagus,51,545,0.0007803260897789189,577,-32
banding,51,546,0.000856893868052639,518,28
verifikasi email,51,547,0.000695013188641843,636,-89
csnya,51,548,0.0007322298920283104,614,-66
bagus pokok,51,549,0.0012017012315872577,369,180
tolong bantu,51,550,0.000707343377003832,632,-82
mesti,51,551,0.0006488148998901034,683,-132
ikut,51,552,0.0007607280555932157,593,-41
kembali,50,553,0.0006333885636226705,706,-153
mesin,50,554,0.0005533130150909318,791,-237
atur uang,50,555,0.0008977977091585804,491,64
atas,50,556,0.0007491042152476917,601,-45
rp,50,557,0.0006099235843279719,726,-169
ngak,50,558,0.0007308518618511455,615,-57
dri,50,559,0.00064998965504947,679,-120
wajah susah,50,560,0.0008645004054589762,512,48
ka,49,561,0.0008472201247755964,528,33
kasi,49,562,0.000737240862893219,612,-50
bifast,49,563,0.0007370447750623107,613,-50
fungsi,49,564,0.0008474576679967591,527,37
hapy,49,565,0.0012028617679378456,368,197
reset pasword,49,566,0.0006403111326692249,695,-129
gabisa masuk,49,567,0.0007567441223678599,598,-31
smoga,49,568,0.0010089132927026115,445,123
penuh,49,569,0.0007161836728616984,625,-56
bos,49,570,0.0010448473036935742,431,139
ayo,48,571,0.0007566443118588674,599,-28
slalu,48,572,0.0007916967475873753,568,4
transaksi apa,48,573,0.0008525188390792067,523,50
milenial,48,574,0.0007476766012845634,602,-28
sms,48,575,0.0007650979396976071,589,-14
an,48,576,0.0006888465323486803,641,-65
bayar qris,48,577,0.000649682408065167,681,-104
setor tarik,48,578,0.0006298357012735353,709,-131
paksa,48,579,0.0006415117817037359,692,-113
banget mudah,47,580,0.0008948686120018991,493,87
banget sih,47,581,0.0007213053038111915,620,-39
pribadi,47,582,0.0006730103162262047,657,-75
atm kena,47,583,0.0005884807335151755,751,-168
adain,47,584,0.0007695472808394287,586,-2
angkat,47,585,0.0006729076749967587,659,-74
out,47,586,0.0006379903445976053,699,-113
ragu,47,587,0.0007934351883620804,567,20
seabank,47,588,0.0006277753729054635,711,-123
vidio cal,47,589,0.0006869564899224268,643,-54
bagus aplikasi,47,590,0.001105527344865933,404,186
layar,47,591,0.0006667908089063124,666,-75
lanjut,46,592,0.0009182395162118364,483,109
mata,46,593,0.0006804026445448724,649,-56
mudah paham,46,594,0.0007178961759663728,623,-29
otomatis,46,595,0.0005889602647872963,750,-155
masuk kode,46,596,0.000634711447044357,705,-109
bnyak,46,597,0.0008020152250743984,563,34
diupdate,46,598,0.0007852830768955232,573,25
aktivasi,46,599,0.0008054976081369386,560,39
cantik,46,600,0.0006255942762758647,713,-113
susah ampun,45,601,0.0007096347572493555,630,-29
detik,45,602,0.0005996150508765556,738,-136
pas vc,45,603,0.0006853380377831889,645,-42
hidup,45,604,0.000847149824809045,529,75
pakai blue,45,605,0.0006925127724138202,638,-33
heran,45,606,0.0006015031688546205,735,-129
nik,45,607,0.0006616846438106125,669,-62
server,45,608,0.0007796435738979055,578,30
hapus data,45,609,0.0006283140260770745,710,-101
nyangkut,45,610,0.0006639358554546913,667,-57
easy,45,611,0.0009639223253456148,462,149
haloblu,45,612,0.0005911219779929338,746,-134
tgl,45,613,0.0006368341087730432,700,-87
ujung,45,614,0.0006080579227571326,728,-114
fasilitas,45,615,0.0008292301486890447,539,76
asik,45,616,0.0009762970458043099,456,160
masuk rekening,45,617,0.0005292185156119266,824,-207
bagus cepat,45,618,0.0011401253635745048,393,225
transfer kena,45,619,0.0007101485682955824,629,-10
kacau,45,620,0.0007723365226605911,584,36
mudah guna,45,621,0.0010519377304300166,429,192
eror mulu,44,622,0.0008579159086444279,517,105
to,44,623,0.0008174771050148685,548,75
ektp,44,624,0.0006770990869991746,653,-29
sidik,44,625,0.0005922767465320451,745,-120
erti,44,626,0.0008365814615652313,537,89
tombol,44,627,0.0006136415869042178,723,-96
kredit,44,628,0.0007435191574146634,607,21
transaksi pakai,44,629,0.000641459744648715,693,-64
merchant,44,630,0.0006060891159251683,729,-99
keluar,44,631,0.0007780864561687521,580,51
user friendly,44,632,0.0007812031225898257,575,57
anak muda,44,633,0.0006458137265823561,687,-54
saldo masuk,44,634,0.0005521755315244199,794,-160
cangih,44,635,0.0008685264392412076,508,127
gb,44,636,0.0006117888303694463,724,-88
gede,44,637,0.0006402591421726672,696,-59
keluh,44,638,0.0006101765579037156,725,-87
notifikasi,44,639,0.0006449185141358847,688,-49
kocak,44,640,0.0007147571667397369,626,14
jujur,44,641,0.0005622805676158386,782,-141
tangap,44,642,0.0006781593087029606,650,-8
lemot,44,643,0.001019330559373494,439,204
wow,44,644,0.0011225324356368197,399,245
lambat buruk,44,645,0.000814949751862688,551,94
maintenance,44,646,0.0008542644129922746,521,125
wajib,44,647,0.0007600124146629967,594,53
ah,44,648,0.0007748230405397711,582,66
investasi,43,649,0.0007596102819990145,595,54
tangan,43,650,0.0007045430974679235,633,17
jago,43,651,0.0006483235107215141,685,-34
jari,43,652,0.0005909926359706742,747,-95
cabang,43,653,0.000635527770256642,702,-49
mending pakai,43,654,0.0006138392511480871,722,-68
tipu,43,655,0.0006499721126744152,680,-25
tlp,43,656,0.0005102192080329316,857,-201
situ,43,657,0.0005944457182681375,741,-84
buka rek,43,658,0.000651435925184666,677,-19
token,43,659,0.0006769026452724426,654,5
jt,43,660,0.0005327817384354585,821,-161
jga,42,661,0.0006444448992921555,689,-28
force,42,662,0.0006155221978287137,719,-57
bagus moga,42,663,0.0009231517790427104,476,187
bisnis,42,664,0.0006712285936603263,662,2
nungu jam,42,665,0.0005333084176054095,818,-153
wa,42,666,0.0004885386005564463,881,-215
lancar jaya,41,667,0.000803220858908508,562,105
kunci,41,668,0.000558992051160659,786,-118
pakai ribet,41,669,0.0007870526145919862,571,98
beli pulsa,41,670,0.000565944580780931,774,-104
bagus suka,41,671,0.0010521069425829964,428,243
ilang,41,672,0.000614921111743037,720,-48
inovasi,41,673,0.0007306866865509944,617,56
indonesia,41,674,0.0006668559285038329,665,9
dompet,41,675,0.0006918805828400155,639,36
event,41,676,0.0006485068300270819,684,-8
and,40,677,0.0008057887180593387,558,119
ulas,40,678,0.0005058453176201714,863,-185
bikin akun,40,679,0.0005996451574240208,737,-58
langkah,40,680,0.0006632555568134474,668,12
emosi,40,681,0.000565159419376945,777,-96
bikin rekening,40,682,0.0005847828075346682,754,-72
baik sistem,40,683,0.0005220569747687971,836,-153
mudah praktis,40,684,0.0009524703580752675,465,219
segi,40,685,0.0005552162929805483,788,-103
pakai kartu,40,686,0.0005176359411825382,843,-157
force close,40,687,0.0005785028105396015,759,-72
uang masuk,40,688,0.0005041418022134128,866,-178
bagus nih,40,689,0.0009225528703076583,477,212
nomor hp,40,690,0.0005721875488659635,768,-78
transaksi lancar,40,691,0.0008127707812807816,552,139
trimakasih,40,692,0.0007587279529276316,597,95
opsi,40,693,0.0005467304484922524,802,-109
gelap,40,694,0.0005979474093585787,739,-45
lbh,39,695,0.0006925306913698547,637,58
daftar ribet,39,696,0.0006846723674520644,646,50
satset,39,697,0.0006717514494052186,661,36
sesi habis,39,698,0.0005874613568253804,752,-54
sidik jari,39,699,0.0005226202463634414,835,-136
status,39,700,0.0005175737764018931,844,-144
baru baru,39,701,0.0005929429292512259,744,-43
tolong tambah,39,702,0.0006208921820087916,715,-13
transfer uang,39,703,0.0005819398310536382,757,-54
apnya,39,704,0.0005933405260593301,743,-39
very,39,705,0.001076968354021529,420,285
aja,39,706,0.0005775220831573724,763,-57
telepon,39,707,0.0005391747707748015,808,-101
yuk,39,708,0.0006492223720459484,682,26
pakai transaksi,39,709,0.00058537278586169,753,-44
halaman,39,710,0.0005241365829498696,833,-123
money,39,711,0.0005818810613611729,758,-47
gampang banget,39,712,0.0006143652519573966,721,-9
ngantri,39,713,0.0006058780526269926,730,-17
hadap,39,714,0.00044878657742428597,943,-229
mybca,39,715,0.0005690828220308622,771,-56
pas buka,39,716,0.0005371390301295579,812,-96
kah,39,717,0.000710283396568594,628,89
ok bagus,39,718,0.0011380559511240706,395,323
my,38,719,0.0006008455966008861,736,-17
lot,38,720,0.0005889975538447612,749,-29
bagus pakai,38,721,0.0007825267981926911,574,147
mo,38,722,0.0005373610339565306,811,-89
jenis,38,723,0.0006042125641766268,733,-10
nyaman pakai,38,724,0.0007207549518779825,621,103
kirain,38,725,0.0006256585406305767,712,13
jaman,38,726,0.0006403693746116069,694,32
banget deh,38,727,0.0005774694393487777,764,-37
murah,38,728,0.0007508146624502565,600,128
undang,38,729,0.0006870192368852643,642,87
cal cs,38,730,0.0005037321581916495,867,-137
nya,38,731,0.0006384990551774901,697,34
gabisa buka,38,732,0.0006905962895968651,640,92
nomor rekening,38,733,0.0005156946196328634,848,-115
syariah,38,734,0.0006612675082242836,670,64
puas banget,38,735,0.0008656536935477304,511,224
ama,38,736,0.0005504484987556552,795,-59
pikir,38,737,0.0005235618572335141,834,-97
ngasih,38,738,0.0005495696071666959,796,-58
semenjak,38,739,0.0006358132803289146,701,38
aju pinjam,38,740,0.000641615435937497,691,49
optimalisasi,37,741,0.0005746559450196309,766,-25
banget buka,37,742,0.000567843357183491,772,-30
suka pakai,37,743,0.0007073578971896499,631,112
coba kali,37,744,0.00048089305940203893,893,-149
sma,37,745,0.000589336537116422,748,-3
bolak,37,746,0.0005081767789343101,858,-112
mudah bagus,37,747,0.0007615588694460935,591,156
transaksi transfer,37,748,0.0005783309713075726,760,-12
temen,37,749,0.0005368493160464014,813,-64
kiri,37,750,0.0004565717879247833,929,-179
plis,37,751,0.0006525913540618788,676,75
aq,37,752,0.0005329044338074222,819,-67
aplikasi mudah,37,753,0.0007003362221806127,635,118
benerin,37,754,0.0005627090015573807,780,-26
up emoney,37,755,0.0004869277517209925,882,-127
brp,37,756,0.00047312558148309125,904,-148
upload,37,757,0.0005777574412441727,762,-5
banget daftar,36,758,0.0005703376647820152,769,-11
selfi,36,759,0.0006512997389289065,678,81
banget verifikasi,36,760,0.0005464433761190956,803,-43
banyakin,36,761,0.0008567735339715854,519,242
tambahin fitur,36,762,0.0005615980169656437,783,-21
banget nih,36,763,0.0005328474614226985,820,-57
gtu,36,764,0.0004456988416728289,947,-183
bebas admin,36,765,0.0005697874785554628,770,-5
kanan,36,766,0.00042763038233814657,963,-197
apl,36,767,0.0006808750336704776,648,119
administrasi,36,768,0.0006478586160690799,686,82
lupa pasword,36,769,0.0005278775577377306,825,-56
perangkat,36,770,0.0006352840748585594,704,66
kyc,36,771,0.0006546484473795066,674,97
proses daftar,36,772,0.000516787733862756,845,-73
konfirmasi,36,773,0.0005550589974872086,789,-16
pdhal,36,774,0.0005108968883011987,856,-82
pay,36,775,0.0004960299364680961,875,-100
nungu antri,36,776,0.00047693538274828283,896,-120
komplain,36,777,0.000464635577809179,917,-140
rating,36,778,0.0005532674294692342,792,-14
tunai kartu,36,779,0.0004925808673385613,876,-97
buka aplikasi,36,780,0.0006192239377234585,717,63
transfer rekening,36,781,0.0005197095468155269,840,-59
mesin atm,36,782,0.00038160234211946387,984,-202
suport,35,783,0.0005217020899145943,837,-54
bagus deh,35,784,0.0007629618492473525,590,194
fitur bayar,35,785,0.0006057032507185047,731,54
mudah aman,35,786,0.000745310389936474,605,181
ngebantu,35,787,0.0007308466094024853,616,171
simpan uang,35,788,0.0005673935196166321,773,15
daftar mudah,35,789,0.0005936155463662927,742,47
bukti,35,790,0.0004753366276894718,898,-108
mantab,35,791,0.0011807620362961314,378,413
debit fisik,35,792,0.0005525640537385132,793,-1
fiturfitur,35,793,0.0005779008448956596,761,32
siang,34,794,0.00045713308554706555,928,-134
buka akun,34,795,0.000525462822825885,828,-33
nga,34,796,0.0005838681958184697,756,40
buka tabung,34,797,0.00050586370802951,862,-65
susah verifikasi,34,798,0.0006249346671293527,714,84
simple mudah,34,799,0.0007230770733367086,619,180
iklan,34,800,0.000532777392064686,822,-22
byk,34,801,0.0006608719961330781,671,130
pakai mudah,34,802,0.000730181588668144,618,184
lah,34,803,0.0006177647505367949,718,85
pemberitahuan,34,804,0.000513950149163341,851,-47
efisien,34,805,0.0006730695286646231,656,149
upgrade,34,806,0.0006729205411676321,658,148
khusus,34,807,0.00048519055285230347,884,-77
bagus dah,34,808,0.0008484954263765464,526,282
tu,34,809,0.00043206081177945893,960,-151
no rekening,34,810,0.0005012079000022275,869,-59
otp masuk,34,811,0.0005246447682966178,830,-19
bagus lambat,33,812,0.0007432239263500184,608,204
moga sukses,33,813,0.0007439404286511715,606,207
tagih,33,814,0.000517718632222741,842,-28
amanah,33,815,0.0007608314579235294,592,223
mw,33,816,0.000502347079630687,868,-52
main,33,817,0.0005111590728728151,855,-38
nge,33,818,0.0005166958279647676,846,-28
neng banget,33,819,0.0005442830366267314,804,15
ajar,33,820,0.0005561467940229614,787,33
videocal,33,821,0.00054783184287827,797,24
bawa,33,822,0.0005126542691428984,853,-31
lucu,33,823,0.00044873638922206634,944,-121
log out,33,824,0.0004413300054589434,950,-126
mohon maf,33,825,0.0004733205042855829,903,-78
is the,33,826,0.0006355153091221596,703,123
dn,33,827,0.000573449789038713,767,60
hubung cs,33,828,0.00041101746988623616,973,-145
dana masuk,33,829,0.00044114550493979635,951,-122
pos,33,830,0.0004535024372562958,935,-105
rekening mudah,33,831,0.0005380545476456803,809,22
sekian,33,832,0.00044653937102386715,945,-113
dalam,33,833,0.000514780848493208,850,-17
pakai kode,32,834,0.00047457974431646327,900,-66
lumayan bagus,32,835,0.0007421042824264181,609,226
minus,32,836,0.0004989467453854963,870,-34
android,32,837,0.0005593626960019111,785,52
isi data,32,838,0.00043956166481755717,954,-116
deposit,32,839,0.0005262684611895711,827,12
kyk,32,840,0.0004300198480630527,962,-122
sesuai butuh,32,841,0.0005062127672117524,861,-20
andal,32,842,0.0006543695913589871,675,167
antre,32,843,0.0004975059016516477,872,-29
ambil uang,32,844,0.00046713929820169276,912,-68
thank,32,845,0.0005615072960186003,784,61
aktifin,32,846,0.000540314520130579,807,39
konvensional,32,847,0.00048095101493472655,892,-45
puluh,32,848,0.00044651258321744914,946,-98
jamin,32,849,0.0004904980130375355,878,-29
cepet banget,32,850,0.000504901278528262,864,-14
aman nyaman,32,851,0.0006193685190124215,716,135
nunguin,32,852,0.0005042612815507693,865,-13
suruh nungu,32,853,0.0004441073548580571,948,-95
masuk tolong,32,854,0.0005070937028660836,860,-6
pisah,32,855,0.00046967156815910663,908,-53
sunguh,32,856,0.0005651599018104226,776,80
neo,32,857,0.000484066222878057,886,-29
bom,32,858,0.0005376144889230321,810,48
masukin kode,32,859,0.0004572463902434776,927,-68
beres,32,860,0.0005211036031056139,838,22
tunai setor,32,861,0.0003370579931734261,1000,-139
bad,32,862,0.0006750696958978757,655,207
blu,32,863,0.0006427339686855587,690,173
masuk verifikasi,31,864,0.0004601766679025738,924,-60
baharu,31,865,0.0005202033029934559,839,26
mudah proses,31,866,0.0005978826012856346,740,126
paket data,31,867,0.0003509010732886738,996,-129
mudah bantu,31,868,0.0007984535458698658,565,303
transaksi bagus,31,869,0.0005772267866450233,765,104
ampe,31,870,0.0004789726596424916,895,-25
pakek,31,871,0.0005438900343903506,805,66
cinta,31,872,0.0006087061398467048,727,145
rekomended,31,873,0.000667741368324466,664,209
sabar,31,874,0.00046747683766308373,911,-37
parah,31,875,0.0005838752739931337,755,120
ulang kali,31,876,0.0003967531350975746,977,-101
bagus cuman,31,877,0.0005341450709500474,816,61
kecewa banget,31,878,0.0004136939603653277,971,-93
mntap,31,879,0.0011828457860238702,377,502
cepat transaksi,31,880,0.0007004810776804889,634,246
sebenernya,31,881,0.0004375682083854479,957,-76
lambat berat,31,882,0.0005467741277939977,801,81
sempurna,31,883,0.0006380403174143981,698,185
haduh,31,884,0.0004888758194246911,880,4
face,31,885,0.0005335015518635973,817,68
lambat lambat,31,886,0.00041570993952709295,970,-84
alah,31,887,0.0005362666535392527,814,73
cape,31,888,0.0005148959604212613,849,39
stuck,31,889,0.0005649366890172099,778,111
enak banget,31,890,0.0005185045784167477,841,49
pencet,31,891,0.0005165430362317099,847,44
bgus,31,892,0.0008885365886740746,497,395
customer service,30,893,0.00038423799100637787,981,-88
kode verifikasi,30,894,0.0004542332433103149,934,-40
fitur tarik,30,895,0.0004815486738381295,891,4
berat lambat,30,896,0.0004982836503855751,871,25
dapat,30,897,0.0005473228237663396,800,97
transaksi online,30,898,0.00046267723739778875,922,-24
fitur lengkap,30,899,0.0005245261786669677,831,68
center,30,900,0.0003678146702374203,991,-91
transaksi uang,30,901,0.0005128807052346396,852,49
shope pay,30,902,0.00037383849615824994,989,-87
hm,30,903,0.0004703611693773286,907,-4
blibli,30,904,0.0005356219764823236,815,89
ngerti,30,905,0.00048156293715028256,890,15
tunai biaya,30,906,0.00039665170769571554,978,-72
mode,30,907,0.000486833357559712,883,24
debit card,30,908,0.0004024957522962013,976,-68
nanya,30,909,0.0004633914503162167,920,-11
diskon,30,910,0.0006595540364526768,672,238
baik aplikasi,30,911,0.0004609194567204541,923,-12
pas daftar,30,912,0.0004664026279184125,913,-1
use,30,913,0.0006561260041835824,673,240
tangung,30,914,0.0005318834976367816,823,91
cs ramah,30,915,0.0005265463139496201,826,89
jadi,30,916,0.0004630247032301135,921,-5
vidcal,30,917,0.0005073010737496947,859,58
koneksi putus,30,918,0.0004973427502938783,874,44
cair,30,919,0.0004717463478225559,905,14
gaji,30,920,0.0004031985787084542,975,-55
pending,30,921,0.0005636708565882447,779,142
masuk saldo,30,922,0.0004196786094351982,968,-46
koneksi internet,30,923,0.00045119681710764414,940,-17
pakai biaya,30,924,0.00046607080390032295,914,10
tunai pakai,29,925,0.00039380077639627917,979,-54
fix,29,926,0.00043254041254874113,959,-33
warna,29,927,0.00046853646303517425,909,18
lama,29,928,0.0005652058735908321,775,153
verifikasi data,29,929,0.0004371850696813722,958,-29
vc cs,29,930,0.0004300797796803256,961,-31
layan bagus,29,931,0.0006302039951185439,708,223
alami,29,932,0.00038285570786917124,983,-51
lho,29,933,0.0004232910921230064,966,-33
fre biaya,29,934,0.000366803506649642,992,-58
aduh,29,935,0.0004907755651334717,877,58
rencana,29,936,0.00047438777058013903,901,35
pakai bagus,29,937,0.0005536927848832507,790,147
henti,29,938,0.0005247469366027969,829,109
request,29,939,0.0004172138528458873,969,-30
banget bantu,29,940,0.0005622824601399645,781,159
scan qris,29,941,0.00043952982703084943,955,-14
nambah,29,942,0.00045151954757065857,939,3
bagus simple,29,943,0.0006864819274198251,644,299
code,29,944,0.0004516993021939249,938,6
busuk,29,945,0.000547529753110502,799,146
moga baik,29,946,0.0004739720246766157,902,44
kaum,29,947,0.0004491610876936536,941,6
berkalikali,29,948,0.0004422009767370443,949,-1
tarik uang,29,949,0.0004646035605678938,918,31
kaya gin,29,950,0.00038640887699754856,980,-30
ngulang,29,951,0.0004230907890536494,967,-16
kelar,29,952,0.00045800802236847435,926,26
silah,29,953,0.00046780057446931103,910,43
melulu,29,954,0.0005478075278619756,798,156
responya,29,955,0.00045274053843402364,937,18
biaya adminya,29,956,0.0004117665218523577,972,-16
lambat masuk,28,957,0.00047941155228066956,894,63
verivikasi,28,958,0.0005432257259190642,806,152
mutasi,28,959,0.0004378192273601688,956,3
cal center,28,960,0.0003426660854158876,998,-38
langan,28,961,0.00045506605594774926,931,30
biaya adm,28,962,0.00040749250043422614,974,-12
barcode,28,963,0.0004816577330533398,889,74
nyimpen,28,964,0.0004894991398738607,879,85
bye,28,965,0.0004395677395375999,953,12
fast respon,28,966,0.00045647551537979166,930,36
gimna,28,967,0.00048321892851658604,888,79
sibuk,28,968,0.000359735564070509,995,-27
please,28,969,0.00044042657536228294,952,17
cahaya,28,970,0.0003802082264200182,985,-15
masuk pakai,28,971,0.0004545781528889042,932,39
cmn,28,972,0.0004973851447946786,873,99
sambung putus,28,973,0.00046016720670007246,925,48
masuk ulang,28,974,0.0003468118244888735,997,-23
daftar pas,28,975,0.0004251477412451643,965,10
kirim uang,28,976,0.0004761739102685933,897,79
bagi,28,977,0.0005111717106001316,854,123
kluar,28,978,0.00046476028862886824,916,62
instal ulang,28,979,0.0003831040465940385,982,-3
contoh,28,980,0.00037849372575714886,987,-7
kali coba,28,981,0.0003729393160038224,990,-9
dh,28,982,0.0004545207418504475,933,49
alamat,28,983,0.0003644314723812499,993,-10
blum,28,984,0.0004835130568020514,887,97
chat,28,985,0.0003632587929511733,994,-9
tibatiba,28,986,0.00044893575847009594,942,44
thank you,28,987,0.0004746166080337584,899,88
sangat,28,988,0.0007654863442401493,588,400
banget bikin,28,989,0.0004705221767317546,906,83
telfon,28,990,0.000379333455865994,986,4
seru,27,991,0.000604956723469842,732,259
selamat,27,992,0.00046362093688839443,919,73
tolong hapus,27,993,0.0003776190607705207,988,5
daftar gagal,27,994,0.0004847679051788813,885,109
mas,27,995,0.00046565220440133325,915,80
mudah ribet,27,996,0.0006037878070001811,734,262
proses verifikasi,27,997,0.00042761265925598694,964,33
ngebug,27,998,0.0005243916919663055,832,166
tarik setor,27,999,0.00034169587002076907,999,0
malas,27,1000,0.0004528277194570978,936,64
